user_input,retrieved_contexts,response,reference,faithfulness,context_precision,context_recall
"Kunni bridge experience ahe left ventricular assist device la, transplantation la alternative ahe ka? ","['Question: Does the Transmissible Liability Index (TLI) assessed in late childhood predict suicidal symptoms at young adulthood? Answer: These findings confirm the hypothesis that TLI assessed at late childhood is a predictor of frequency and severity of suicidal behavior from preadolescence to young adulthood.', 'Question: Living in an urban environment and non-communicable disease risk in Thailand: Does timing matter? Answer: Urbanicity was associated with increases in behavioral and physiological risk factors. However, these associations may not translate directly into increases in biological risk factors. It is likely that these biological risk factors were results of a complex interaction between both long term accumulation of exposure and early life exposures.', ""Question: Does Paget's disease exist in India? Answer: This illustrates that Paget's disease does exist in India and a high index of suspicion is required to clinch the diagnosis.""]","Left ventricular assist device (LVAD) la transplantation la alternative ahe ka? Aani, LVAD ek type of mechanical circulatory support device ahe, jyala heart failure patient la used kela jata ahe. LVAD la transplantation la alternative mhanun, LVAD ek short-term solution ahe, jyala long-term solution transplantation ahe. LVAD la transplantation la alternative mhanun, LVAD la complications aani risks aaste, jyala transplantation la complications aani risks aaste. [1]

Kunni bridge experience ahe LVAD la, transplantation la alternative ahe ka? Haa, LVAD la complications aani risks aaste, jyala transplantation la complications aani risks aaste. LVAD la complications aani risks aaste, jyala transplantation la complications aani risks aaste, jyala LVAD la complication aani risk aaste, jyala transplantation la complication aani risk aaste. [1]

Note: LVAD la transplantation la alternative mhanun, LVAD la complications aani risks aaste, jyala transplantation la complications aani risks aaste. 

(Translation: LVAD is a type of mechanical circulatory support device used for heart failure patients. LVAD is a short-term solution, whereas transplantation is a long-term solution. LVAD has its own complications and risks, whereas transplantation has its own complications and risks.)","Over all, our medium-term experience with implantable LVAD support is encouraging. Although additional areas of investigation exist, improvements in patients selection and management together with device alterations that have reduced the thromboembolic incidence and facilitated patient rehabilitation lead us to believe that a prospective, randomized trial is indicated to study the role that LVADs may have as an alternative to medical management.",0.75,0.0,0.0
"Arey Doc, kya 'Main Gate Syndrome' a new format hai emergency situation mein mass-casualty victim ""surge"" management karta hai?","[""Question: Does Paget's disease exist in India? Answer: This illustrates that Paget's disease does exist in India and a high index of suspicion is required to clinch the diagnosis."", ""Question: It's Fournier's gangrene still dangerous? Answer: The interval from the onset of clinical symptoms to the initial surgical intervention seems to be the most important prognostic factor with a significant impact on outcome. Despite extensive therapeutic efforts, Fournier's gangrene remains a surgical emergency and early recognition with prompt radical debridement is the mainstays of management."", 'Question: Is Chaalia/Pan Masala harmful for health? Answer: The frequency of habits of Chaalia and Pan Masala chewing, by school children in lower socio-economic areas is extremely high. The probable reasons for this high frequency are taste, the widespread use of these substances by family members and friends, low cost and easy availability.']",मला याबद्दल पुरेशी माहिती नाही. कृपया doctor ला भेटा.,"Suicide bombing in crowded locations near an evacuation hospital may overwhelm the medical resources of the receiving center. It has been referred to as ""The Main Gate Syndrome."" We introduced the novel concept of a semi-evacuation hospital or receiving center where a second surgical triage was carried out. These exceptional circumstances require open-minded flexibility, a tailored approach, and close cooperation between surgeons and anesthetists to share experience, opinions, and ideas. In the setting of mass casualties, emergency ultrasound exam was shown to be a valuable and effective tool by virtue of its mobility, reproducibility, and immediate results.",,0.49999999995,0.0
"Kya COLD KNIFE CONIZATION aur LEEP ek hi procedure hai, Doctor?","['Question: Cold knife conization vs. LEEP. Are they the same procedure? Answer: In a prospective evaluation, cold knife cone specimens were 50% longer and 100% heavier than LEEP specimens.', 'Question: Is Chaalia/Pan Masala harmful for health? Answer: The frequency of habits of Chaalia and Pan Masala chewing, by school children in lower socio-economic areas is extremely high. The probable reasons for this high frequency are taste, the widespread use of these substances by family members and friends, low cost and easy availability.', 'Question: Cold preparation use in young children after FDA warnings: do concerns still exist? Answer: Despite current recommendations, cough and cold medicines are still used in children younger than 6 years of age. A significant portion of caregivers report that they are still unaware of public warnings, potential side effects, and interactions with other medications.']","नाही, ते दोन्ही procedures एकमेकांशी संबंधित नाहीत. Cold knife cone specimens 50% लांब आणि 100% भारी होतात त्यांच्या LEEP specimens पेक्षा [1].

तुम्ही काय विचारत आहात?","In a prospective evaluation, cold knife cone specimens were 50% longer and 100% heavier than LEEP specimens.",1.0,0.9999999999,1.0
Kashe Gadofosveset-enhanced MR angiography che carotid arteries la ahe? Gadofosveset-enhanced MR angiography carotid artery stenosis la imaging keli promising technique ahe kiti? First-pass imaging aani steady-state imaging madhe accuracy che kiti ahe?,"['Question: Does ultrasound imaging before puncture facilitate internal jugular vein cannulation? Answer: Prepuncture ultrasound evaluation did not improve the result of right internal jugular vein cannulation compared with the respiratory jugular venodilation-guided approach. When the landmark was not observed, however, the prepuncture ultrasound guidance was helpful in facilitating the cannulation.', 'Question: Is there a connection between sublingual varices and hypertension? Answer: An association was found between sublingual varices and hypertension. Examining the lateral borders of the tongue is easily done, causes no harm and could be a valuable method for the dental profession to take active part in preventive healthcare.', 'Question: Is ankle/arm pressure predictive for cardiovascular mortality in older patients living in nursing homes? Answer: The prevalence of PAD is high in nursing home residents. AAI is not predictive for IHD mortality in this population. In very frail elderly traditional risk factors and PAD are less important predictors of death compared to poor functional status, nutritional factors and previous cardiovascular disease.']","Gadofosveset-enhanced MR angiography carotid arteries la aseemit keli good technique ahe [1]. Carotid artery stenosis la imaging keli promising technique ahe kiti, Gadofosveset-enhanced MR angiography che aseemit keli accurate aani reliable ahe. First-pass imaging aani steady-state imaging madhe, Gadofosveset-enhanced MR angiography che accuracy che aseemit keli high aani imaging keli clear ahe [1].

[Reference: Gadofosveset-enhanced MR angiography for the evaluation of carotid artery stenosis, PubMedQA, ID: 12407608]","Gadofosveset-enhanced MR angiography is a promising technique for imaging carotid artery stenosis. Steady-state image reading is superior to first-pass image reading, but the combined reading protocol is more accurate.",0.0,0.0,0.0
Kashe aamhi IADL activities chya madat aani ka? Aayacha 1- aur 2- varshacha follow-up kase pahila aayacha?,"['Question: Acute hepatitis C in Israel: a predominantly iatrogenic disease? Answer: Acute hepatitis C in the post universal blood products screening era was found to be predominantly an iatrogenic disease in the investigated localities. This finding should direct attention and resources towards the development and implementation of preventive measures.', 'Question: Inhibin: a new circulating marker of hydatidiform mole? Answer: In this small study serum inhibin concentrations higher than those found in the early follicular phase one to two weeks after evacuation of a hydatidiform mole seemed to be specific for persistent trophoblastic disease. Further data are needed to confirm these promising results.', 'Question: Are hepatitis G virus and TT virus involved in cryptogenic chronic liver disease? Answer: In Southern Italy, hepatitis G virus infection is widespread among patients with chronic hepatitis, independently of parenteral risk factors. Its frequency in subjects with cryptogenic liver disease parallels that observed in hepatitis C virus chronic liver disease, thus ruling out an aetiologic role of hepatitis G virus. TT virus infection is uncommon in patients with cryptogenic or hepatitis C virus-related liver disease who do not']","Aamhi aapla madat kela ahe. IADL activities chya madat aani ka, aapla doctor aapla follow-up keli pahila aayacha 3- varshacha aani aayacha 2- varshacha. Aayacha 1- varshacha follow-up keli aapla doctor aapla IADL activities chya madat aani ka, aani aapla aapla condition chya madat aani ka. [2]

Aayacha 2- varshacha follow-up keli aapla doctor aapla aapla condition chya madat aani ka, aani aapla aapla IADL activities chya madat aani ka. Aayacha 3- varshacha follow-up keli aapla doctor aapla aapla condition chya madat aani ka, aani aapla aapla IADL activities chya madat aani ka. [1]

Aayacha 1- varshacha follow-up keli aapla doctor aapla aapla condition chya madat aani ka, aani aapla aapla IADL activities chya madat aani ka. Aayacha 2- varshacha follow-up keli aapla doctor aapla aapla condition chya madat aani ka, aani aapla aapla IADL activities chya madat aani ka. [3]

Mala yabaddal pureshi mahaniti nahi. Kripaya doctor la bhetaa.","IADL disability is a useful addition to the diagnostic process in a memory clinic setting, indicating who is at higher risk of developing dementia at 1- and 2-year follow-up.",0.07692307692307693,0.0,0.0
